{"cameraMode":{"drawMode":0,"name":"Shaded","section":"Shading Mode"},"sceneLighting":true,"audioPlay":false,"sceneViewState":{"showFog":true,"showMaterialUpdate":false,"showSkybox":true,"showFlares":true,"showImageEffects":true,"showParticleSystems":true,"showVisualEffectGraphs":true,"m_FxEnabled":true},"in2DMode":false,"pivot":{"x":-0.12042045593261719,"y":3.5480432510375978,"z":0.40364551544189455},"rotation":{"x":-0.25640416145324709,"y":0.29780006408691409,"z":-0.08338693529367447,"w":-0.9157677888870239},"size":9.142206192016602,"orthographic":false}