{"cameraMode":{"drawMode":0,"name":"Shaded","section":"Shading Mode"},"sceneLighting":true,"audioPlay":false,"sceneViewState":{"showFog":true,"showMaterialUpdate":false,"showSkybox":true,"showFlares":true,"showImageEffects":true,"showParticleSystems":true},"in2DMode":false,"pivot":{"x":-17.221025466918947,"y":-6.063467025756836,"z":18.249977111816408},"rotation":{"x":0.20583023130893708,"y":-0.3300091326236725,"z":0.07396967709064484,"w":0.9182918071746826},"size":29.526002883911134,"orthographic":false}